sumathy rathinam hall-https://i.ibb.co/dGD3fkw/sumathy-rathinam-hall.png
muthu krishna mahal-https://i.ibb.co/w09Gxgr/muthu-krishnan-mahal.png
kandhan mahal-https://i.ibb.co/2Kgpt28/kandhan-mahal.png
psr mahal-https://i.ibb.co/fMV6d3R/psr-mahal.png
vm mahal-https://i.ibb.co/TW7x8rc/vm-mahal.png
avp mini mahal-https://i.ibb.co/yVKQwc2/avp-mini-mahal.png
vairam mahal-https://i.ibb.co/yYVLMYY/vairam-mahal.png
meena mahal-https://i.ibb.co/PMXVbXk/meena-mahal.png